"주소","연락처","이메일","이름"
서울시 광진구,01000000000,hong@hyundai.com,홍길동
경기도 성남시,010-000-0001,lee@hyundai.com,이몽룡
강원도 강릉시,01000000002,lee2@hyundai.com,이순신
강원도 속초시,01000000001,lee2@hyundai.com,이순신
전라북도 남원시,010-0000-0003,sung@hyundai.com,성춘향
전라북도 남원시,010-000-0004,lee3,이순자
전라북도 남원시,010-000-0004,lee3@hyundai.com,이몽룡
경기도 용인시,010-0001-0000,test1@hyundai.com,테스트1
경기도 용인시 처인구,010-0001-0001,test2@hyundai.com,테스트2
경기도 용인시 처인구,010-0001-0001,test2@hyundai.com,테스트2
경기도 용인시 수지구,010-0001-0002,test3@hyundai.com,테스트3
경기도 용인시 수지구,010-0001-0003,test4@hyundai.com,테스트4
경기도 용인시 기흥구,010-0001-0004,test5@hyundai.com,테스트5
경기도 용인시 처인구,010-0001-0011,test11@hyundai.com,테스트11